<?xml version="1.0" encoding="UTF-8"?>
<!DOCTYPE mapper PUBLIC "-//mybatis.org//DTD Mapper 3.0//EN" "http://mybatis.org/dtd/mybatis-3-mapper.dtd">

<mapper namespace="com.testboard2.mapper.MemberMapper">
	
	<insert id="insertMember" parameterType="MemberDTO">
		<!-- INSERT INTO member (name, id, phone) VALUES ( '이순신', 'mr.soon', '010-111-2222' ); -->
		<![CDATA[
			INSERT INTO member (
				  name
				, id
				, phone		
			) VALUES (
				  #{name}
				, #{id}
				, #{phone}
			);
		]]>
	</insert>
	
	<select id="selectMemberOne" parameterType="int" resultType="MemberDTO">
		<![CDATA[
			SELECT 
				* 
			FROM 
				member 
			WHERE 
				num = #{num};
		]]>
	</select>
	
	<update id="updateMember" parameterType="MemberDTO">
		<![CDATA[
			UPDATE
				member
			SET
				  name 	= #{name} 
				, id 	= #{id}  
				, phone	= #{phone} 
			WHERE
				num = #{num};
		]]>
	</update>
	
	<select id="selectMemberAll" resultType="MemberDTO">
		<![CDATA[
			SELECT 
				*
			FROM
				member;
		]]>
	</select>

	<delete id="deleteMemberOne" parameterType="int">
		<![CDATA[
			DELETE FROM
				member
			WHERE
				num = #{num};
		]]>
	</delete>
	
</mapper>






















